labels_count,total_hours
7.505678,10.840434
16.231472,25.567225
7.007294,9.383214
9.684164,15.243383
19.370516,29.406116
6.6052494,12.836907
3.7036028,7.280266
5.1833844,10.325006
7.8661666,12.818929
5.992262,13.181874
5.5701485,10.535728
14.337473,24.633335
12.1144085,19.29376
7.459415,11.374478
3.1193419,7.1497717
7.508831,12.865968
6.4906282,11.788427
7.4085197,12.708643
1.9298317,4.5843425
12.5465765,21.490604
3.520126,6.855731
3.1014078,7.455863
2.738185,5.6698513
14.465145,22.259
4.7807465,12.353876
6.578867,12.495033
17.946486,29.588865
15.544161,25.27624
15.947216,26.90703
1.479688,5.216338
3.687552,5.918489
6.9136453,12.634446
18.347927,31.715643
11.471854,16.465158
3.394977,6.8797054
10.559487,17.473352
3.1216273,9.245304
8.418557,12.267088
7.887737,13.152607
18.723785,31.848532
13.442499,19.96507
8.843474,15.170816
12.104823,16.366623
7.7576776,14.3524885
14.2325535,24.437067
14.257856,20.984434
13.0511875,20.653704
6.797119,15.5618925
18.604933,28.28457
9.128486,15.393538
6.8014917,14.736137
16.449984,25.730396
18.243038,27.742441
19.954018,31.30025
13.314454,19.641361
7.2615085,14.525276
15.324974,23.1242
18.650568,29.474802
1.1820757,1.4138494
9.323074,20.200207
4.021328,9.416926
12.270418,19.67777
14.429056,22.8132
8.537415,13.668947
9.705257,16.397333
14.776052,22.523657
8.9033375,13.475203
2.5220947,7.2176876
18.101292,26.734564
5.7185125,8.755501
9.456345,15.934081
11.396101,20.671196
9.92908,17.986189
1.5634831,3.8282905
14.8586,25.006435
6.1848006,11.31356
5.572734,11.917025
12.769697,21.720036
5.5423107,10.6467495
6.1094837,10.752862
7.2989755,14.438814
6.9310627,14.666256
6.532444,12.1780815
7.9379845,14.0968485
12.96882,19.539387
2.8124297,9.540997
4.7498374,8.225994
10.638618,17.464247
11.821147,19.632544
15.7467785,24.009096
3.8267825,9.803206
13.532371,21.72491
15.899703,26.663029
15.774972,25.809416
1.6514956,4.261071
6.87476,11.51725
2.3341267,6.4006143
4.4882913,7.1438737
15.791337,25.131222
9.081469,16.134844
14.534758,26.136087
4.92344,10.723761
11.943619,20.973866
4.75385,11.256592
15.248974,25.936333
6.3448997,13.10465
8.117788,14.348557
2.2575026,8.244694
10.5313835,20.304174
19.520061,29.058542
15.111093,22.983013
5.4313607,10.777791
10.627763,20.108715
9.45834,18.09112
2.851795,2.9999833
17.948866,29.304829
10.653147,17.941666
12.500671,19.4733
6.663625,9.072655
6.0547686,8.794651
12.066451,20.482605
14.012254,24.376854
12.630831,18.526798
5.921522,8.262764
19.72353,35.386127
9.101559,15.191726
4.682057,9.036415
6.05673,8.752483
19.851997,31.11996
10.500458,15.771694
9.21043,18.50727
6.546463,11.502741
8.009619,12.926031
2.498829,4.019145
2.9505072,8.040275
16.06025,22.41861
18.62677,29.07362
19.565853,33.063034
3.6415482,6.570272
15.638201,26.261766
4.6198177,10.336268
16.167322,25.87431
17.354765,29.533937
17.851774,27.471134
17.340487,28.84379
16.442945,25.912266
10.684905,19.304317
14.865083,22.388567
7.1011763,13.24326
14.636631,24.20053
7.4466815,14.781897
10.340483,18.765692
2.231401,5.654813
8.015991,12.279945
5.504207,11.6497755
7.295452,12.562249
4.433428,8.518624
1.9552798,4.700289
11.118607,20.493078
16.665302,23.78624
19.152119,28.268831
16.043764,26.410563
5.575795,9.6892395
1.1044075,3.0450852
14.103481,24.521803
15.822983,24.736473
2.3441355,3.5668857
13.906568,22.236912
18.532034,29.16923
11.075478,20.343332
4.776641,13.437752
18.288824,28.31961
14.556651,24.391869
16.79091,27.717733
4.075288,8.248807
16.028482,28.07134
4.0108004,9.104402
19.900196,30.480295
6.4748526,14.608572
16.224388,25.217085
12.402295,20.586727
13.017599,24.249184
9.043127,16.474604
14.401986,24.49757
6.540667,13.803715
1.545497,3.0764415
6.850071,12.698897
17.943617,27.69764
7.998938,13.040738
13.486025,23.334864
6.987599,14.204212
17.626417,29.52846
16.185658,29.645515
13.853629,19.365795
5.643964,11.837214
2.7372665,7.482341
10.857669,19.158998
4.926751,9.647217
18.31084,31.377151
1.3707302,6.073602
14.745249,23.910099
19.970684,31.959131
15.25787,23.649998
13.739298,18.894619
1.359607,3.009813
19.637985,31.463173
8.875048,14.128805
1.62312,5.4431443
19.878046,34.621414
6.6341586,10.976636
9.827898,16.891218
19.195156,28.814941
3.9145932,6.368593
3.7788453,7.2683954
12.044865,20.686869
9.228388,17.481358
12.688247,18.69525
2.5322995,7.2079144
10.784113,17.684977
6.2747827,10.591282
5.8297157,10.584782
1.8014495,4.4279437
15.537074,26.464584
12.330047,21.45593
2.4682891,5.9260607
18.038744,28.667639
13.365398,20.979338
12.262851,19.257587
4.9222045,8.474786
11.932643,19.896492
19.653631,30.756172
17.015903,25.903654
3.1007328,8.007413
19.1718,30.698305
11.236342,20.379465
15.069169,23.412468
17.878426,29.368778
18.598837,30.542212
3.0944192,9.684917
18.818808,29.075623
4.047838,8.536522
11.212177,14.885517
3.8617458,8.255355
8.417284,13.96433
10.068295,15.932894
9.363464,14.910346
8.9992285,17.77107
11.24927,16.504442
19.870977,33.895382
16.01961,26.514616
